{
    "name": "cube",
    "field_names": [
        "position",
        "tex_coord"
    ],
    "field_widths" : {
        "position": 3,
        "tex_coord": 2
    },
    "indices": [],
    "data": [
        -0.5, -0.5, -0.5,  0.0, 0.0,
         0.5, -0.5, -0.5,  1.0, 0.0,
         0.5,  0.5, -0.5,  1.0, 1.0,
         0.5,  0.5, -0.5,  1.0, 1.0,
        -0.5,  0.5, -0.5,  0.0, 1.0,
        -0.5, -0.5, -0.5,  0.0, 0.0,

        -0.5, -0.5,  0.5,  0.0, 0.0,
         0.5, -0.5,  0.5,  1.0, 0.0,
         0.5,  0.5,  0.5,  1.0, 1.0,
         0.5,  0.5,  0.5,  1.0, 1.0,
        -0.5,  0.5,  0.5,  0.0, 1.0,
        -0.5, -0.5,  0.5,  0.0, 0.0,

        -0.5,  0.5,  0.5,  1.0, 0.0,
        -0.5,  0.5, -0.5,  1.0, 1.0,
        -0.5, -0.5, -0.5,  0.0, 1.0,
        -0.5, -0.5, -0.5,  0.0, 1.0,
        -0.5, -0.5,  0.5,  0.0, 0.0,
        -0.5,  0.5,  0.5,  1.0, 0.0,

         0.5,  0.5,  0.5,  1.0, 0.0,
         0.5,  0.5, -0.5,  1.0, 1.0,
         0.5, -0.5, -0.5,  0.0, 1.0,
         0.5, -0.5, -0.5,  0.0, 1.0,
         0.5, -0.5,  0.5,  0.0, 0.0,
         0.5,  0.5,  0.5,  1.0, 0.0,

        -0.5, -0.5, -0.5,  0.0, 1.0,
         0.5, -0.5, -0.5,  1.0, 1.0,
         0.5, -0.5,  0.5,  1.0, 0.0,
         0.5, -0.5,  0.5,  1.0, 0.0,
        -0.5, -0.5,  0.5,  0.0, 0.0,
        -0.5, -0.5, -0.5,  0.0, 1.0,

        -0.5,  0.5, -0.5,  0.0, 1.0,
         0.5,  0.5, -0.5,  1.0, 1.0,
         0.5,  0.5,  0.5,  1.0, 0.0,
         0.5,  0.5,  0.5,  1.0, 0.0,
        -0.5,  0.5,  0.5,  0.0, 0.0,
        -0.5,  0.5, -0.5,  0.0, 1.0
    ]
}
