{
    "name": "skybox",
    "field_names": [
        "position"
    ],
    "field_widths" : {
        "position": 3
    },
    "indices": [],
    "data": [
        -1.0,  1.0, -1.0,
        -1.0, -1.0, -1.0,
         1.0, -1.0, -1.0,
         1.0, -1.0, -1.0,
         1.0,  1.0, -1.0,
        -1.0,  1.0, -1.0,

        -1.0, -1.0,  1.0,
        -1.0, -1.0, -1.0,
        -1.0,  1.0, -1.0,
        -1.0,  1.0, -1.0,
        -1.0,  1.0,  1.0,
        -1.0, -1.0,  1.0,

         1.0, -1.0, -1.0,
         1.0, -1.0,  1.0,
         1.0,  1.0,  1.0,
         1.0,  1.0,  1.0,
         1.0,  1.0, -1.0,
         1.0, -1.0, -1.0,

        -1.0, -1.0,  1.0,
        -1.0,  1.0,  1.0,
         1.0,  1.0,  1.0,
         1.0,  1.0,  1.0,
         1.0, -1.0,  1.0,
        -1.0, -1.0,  1.0,

        -1.0,  1.0, -1.0,
         1.0,  1.0, -1.0,
         1.0,  1.0,  1.0,
         1.0,  1.0,  1.0,
        -1.0,  1.0,  1.0,
        -1.0,  1.0, -1.0,

        -1.0, -1.0, -1.0,
        -1.0, -1.0,  1.0,
         1.0, -1.0, -1.0,
         1.0, -1.0, -1.0,
        -1.0, -1.0,  1.0,
         1.0, -1.0,  1.0
    ]
}
